{
  "binary": "~/.local/bin/abi",
  "baseline_ms": 225.0,
  "target_ms": 158.0,
  "stats": {
    "n": 20,
    "min": 103.2645829836838,
    "p25": 107.67287499038503,
    "p50": 110.02412499510683,
    "p75": 111.82054097298533,
    "p95": 290.59754201443866,
    "max": 290.59754201443866,
    "mean": 118.3750644500833,
    "stdev": 40.66696095758915
  },
  "samples": [
    290.59754201443866,
    110.09291600203142,
    114.60554203949869,
    110.14662502566352,
    110.07183400215581,
    111.82054097298533,
    115.27220800053328,
    111.75112501950935,
    113.32258302718401,
    106.09050001949072,
    109.97641598805785,
    109.48658298002556,
    109.41295803058892,
    103.87066699331626,
    107.67287499038503,
    107.88416699506342,
    110.39649997837842,
    106.29970795707777,
    103.2645829836838,
    105.4654159815982
  ],
  "pct_drop": 51.10038889106363,
  "passed_ac1_hp": true
}
